{"cameraMode":{"drawMode":0,"name":"Shaded","section":"Shading Mode"},"sceneLighting":false,"audioPlay":false,"sceneViewState":{"m_AlwaysRefresh":false,"showFog":true,"showSkybox":false,"showFlares":true,"showImageEffects":true,"showParticleSystems":true,"showVisualEffectGraphs":true,"m_FxEnabled":true},"in2DMode":false,"pivot":{"x":1.7865581512451172,"y":162.35000610351563,"z":27.934999465942384},"rotation":{"x":0.22397084534168244,"y":0.7350142598152161,"z":-0.28804874420166018,"w":0.571506917476654},"size":165.32968139648438,"orthographic":false}