{"cameraMode":{"drawMode":0,"name":"Shaded","section":"Shading Mode"},"sceneLighting":false,"audioPlay":false,"sceneViewState":{"m_AlwaysRefresh":false,"showFog":true,"showSkybox":false,"showFlares":true,"showImageEffects":true,"showParticleSystems":true,"showVisualEffectGraphs":true,"m_FxEnabled":true},"in2DMode":false,"pivot":{"x":43.837398529052737,"y":285.55621337890627,"z":42.299217224121097},"rotation":{"x":0.22397084534168244,"y":0.7350142598152161,"z":-0.28804874420166018,"w":0.571506917476654},"size":34.227088928222659,"orthographic":false}